{"stats":{"minecraft:used":{"minecraft:dirt":10,"minecraft:crafting_table":1,"minecraft:oak_sapling":1},"minecraft:custom":{"minecraft:time_since_rest":98,"minecraft:open_chest":9,"minecraft:play_one_minute":8459,"minecraft:crouch_one_cm":9263,"minecraft:sprint_one_cm":24,"minecraft:walk_one_cm":11805,"minecraft:damage_taken":4026,"minecraft:deaths":16,"minecraft:sneak_time":2731,"minecraft:jump":38,"minecraft:damage_dealt":327,"minecraft:leave_game":1,"minecraft:time_since_death":0,"minecraft:player_kills":1,"minecraft:fall_one_cm":418,"minecraft:fly_one_cm":2356},"minecraft:mined":{"minecraft:grass_block":10,"minecraft:oak_log":6,"minecraft:chest":2},"minecraft:picked_up":{"minecraft:oak_log":7,"minecraft:chest":1,"minecraft:dirt":17},"minecraft:crafted":{"minecraft:oak_planks":12,"minecraft:crafting_table":1}},"DataVersion":2586}