{"stats":{"minecraft:mined":{"minecraft:grass_block":10,"minecraft:oak_log":6,"minecraft:chest":2},"minecraft:used":{"minecraft:dirt":10,"minecraft:crafting_table":1,"minecraft:oak_sapling":1},"minecraft:crafted":{"minecraft:oak_planks":12,"minecraft:crafting_table":1},"minecraft:custom":{"minecraft:time_since_rest":338,"minecraft:open_chest":12,"minecraft:crouch_one_cm":9301,"minecraft:play_one_minute":8699,"minecraft:damage_taken":4026,"minecraft:sprint_one_cm":24,"minecraft:deaths":16,"minecraft:walk_one_cm":12585,"minecraft:sneak_time":2735,"minecraft:jump":39,"minecraft:damage_dealt":327,"minecraft:leave_game":3,"minecraft:time_since_death":197,"minecraft:fall_one_cm":418,"minecraft:fly_one_cm":2356,"minecraft:player_kills":1},"minecraft:picked_up":{"minecraft:oak_log":7,"minecraft:chest":1,"minecraft:dirt":17}},"DataVersion":2586}