{"stats":{"minecraft:used":{"minecraft:dirt":2,"minecraft:chest":1,"minecraft:wooden_shovel":3},"minecraft:custom":{"minecraft:time_since_rest":131,"minecraft:open_chest":9,"minecraft:play_one_minute":7861,"minecraft:crouch_one_cm":5543,"minecraft:walk_one_cm":7798,"minecraft:damage_taken":4770,"minecraft:deaths":19,"minecraft:sneak_time":2070,"minecraft:mob_kills":1,"minecraft:jump":47,"minecraft:damage_dealt":182,"minecraft:time_since_death":45,"minecraft:damage_resisted":64,"minecraft:fly_one_cm":2466},"minecraft:mined":{"minecraft:grass_block":7,"minecraft:oak_log":3,"minecraft:chest":1,"minecraft:oak_sapling":1,"minecraft:oak_planks":1},"minecraft:picked_up":{"minecraft:oak_log":5,"minecraft:chest":2,"minecraft:dirt":6},"minecraft:crafted":{"minecraft:oak_planks":40,"minecraft:crafting_table":1}},"DataVersion":2586}