{"stats":{"minecraft:used":{"minecraft:dirt":1,"minecraft:oak_sapling":2,"minecraft:oak_planks":7,"minecraft:wooden_shovel":7},"minecraft:killed_by":{"minecraft:player":1},"minecraft:custom":{"minecraft:time_since_rest":317,"minecraft:open_chest":7,"minecraft:sprint_one_cm":35,"minecraft:play_one_minute":7731,"minecraft:crouch_one_cm":15966,"minecraft:walk_one_cm":7570,"minecraft:damage_taken":4032,"minecraft:deaths":16,"minecraft:sneak_time":3680,"minecraft:drop":5,"minecraft:jump":45,"minecraft:damage_dealt":429,"minecraft:time_since_death":285,"minecraft:damage_resisted":10,"minecraft:fall_one_cm":666,"minecraft:interact_with_crafting_table":3,"minecraft:fly_one_cm":2375},"minecraft:dropped":{"minecraft:oak_planks":3,"minecraft:apple":1,"minecraft:wooden_shovel":1},"minecraft:mined":{"minecraft:grass_block":7,"minecraft:oak_log":5,"minecraft:oak_sapling":2,"minecraft:dirt":7,"minecraft:oak_planks":2},"minecraft:picked_up":{"minecraft:oak_log":2,"minecraft:oak_sapling":3,"minecraft:oak_planks":2,"minecraft:dirt":5},"minecraft:crafted":{"minecraft:oak_planks":8}},"DataVersion":2586}