{
  "minecraft:husbandry/balanced_diet": {
    "criteria": {
      "cooked_beef": "2022-08-25 17:29:46 +0530"
    },
    "done": false
  },
  "minecraft:husbandry/root": {
    "criteria": {
      "consumed_item": "2022-08-25 17:29:46 +0530"
    },
    "done": true
  },
  "minecraft:story/shiny_gear": {
    "criteria": {
      "diamond_chestplate": "2022-08-25 17:32:16 +0530"
    },
    "done": true
  },
  "minecraft:adventure/adventuring_time": {
    "criteria": {
      "minecraft:plains": "2022-08-25 17:28:27 +0530"
    },
    "done": false
  },
  "DataVersion": 3117
}